{
	"schemaVersion": 1,
	"id": "mine-enter",
	"version": "${version}",
	"name": "Mine Enter",
	"description": "This is an example description! Tell everyone what your mod is about!",
	"authors": [
		"Me!"
	],
	"contact": {
		"homepage": "https://fabricmc.net/",
		"sources": "https://github.com/FabricMC/fabric-example-mod"
	},
	"license": "CC0-1.0",
	"icon": "assets/mine-enter/icon.png",
	"environment": "*",
	"entrypoints": {
		"main": [
			"online.flowerinsnow.mineenter.MineEnter"
		]
	},
	"mixins": [
		"mine-enter.mixins.json"
	],
	"depends": {
		"fabricloader": ">=0.15.7",
		"minecraft": "~1.19.1",
		"java": ">=17",
		"fabric": "*"
	},
	"suggests": {
		"another-mod": "*"
	}
}